key, state, time
None,-100,3.800236
Mouse0,DOWN,20.24
None,-200,20.2516
None,-100,22.86278
None,-200,23.55852
